{
  "stats": {
    "speedModifier": 1.25,
    "healthPercentage": 0.2,
    "damageMultiplier": 2.0,
    "stealthDamageCooldown": 5
  },
  "loot": {
    "lootChests": [
      "minecraft:chests/stronghold_corridor",
      "minecraft:chests/stronghold_crossing",
      "minecraft:chests/stronghold_library",
      "minecraft:chests/abandoned_mineshaft"
    ],
    "chance": 0.1
  },
  "level": {
    "maxLevel": 10,
    "initialExp": 100,
    "expRatio": 250
  },
  "durability": {
    "durability": 100
  }
}