{
  "stats": {
    "stackDuration": 5,
    "minDamage": 3.0,
    "dealtDamageMultiplier": 0.1,
    "incomingDamageMultiplier": 0.05
  },
  "loot": {
    "lootChests": [
      "minecraft:chests/nether_bridge",
      "minecraft:chests/bastion_bridge",
      "minecraft:chests/bastion_other",
      "minecraft:chests/bastion_treasure",
      "minecraft:chests/bastion_hoglin_stable",
      "minecraft:chests/ruined_portal"
    ],
    "chance": 0.1
  },
  "level": {
    "maxLevel": 10,
    "initialExp": 100,
    "expRatio": 250
  },
  "durability": {
    "durability": 100
  }
}